{"cameraMode":{"drawMode":0,"name":"Shaded","section":"Shading Mode"},"sceneLighting":false,"audioPlay":false,"sceneViewState":{"showFog":false,"showMaterialUpdate":false,"showSkybox":false,"showFlares":false,"showImageEffects":false,"showParticleSystems":false},"in2DMode":false,"pivot":{"x":0.0,"y":4.800000190734863,"z":121.0999984741211},"rotation":{"x":-0.3559194803237915,"y":0.001401775050908327,"z":-0.0005338790360838175,"w":-0.9345154762268066},"size":32.529903411865237,"orthographic":false}