{"cameraMode":{"drawMode":0,"name":"Shaded","section":"Shading Mode"},"sceneLighting":false,"audioPlay":false,"sceneViewState":{"showFog":false,"showMaterialUpdate":false,"showSkybox":false,"showFlares":false,"showImageEffects":false,"showParticleSystems":false},"in2DMode":false,"pivot":{"x":6.945635795593262,"y":11.902515411376954,"z":60.10650634765625},"rotation":{"x":0.32892945408821108,"y":-0.06509038805961609,"z":0.022732149809598924,"w":0.9418343901634216},"size":5.387835502624512,"orthographic":false}