{"cameraMode":{"drawMode":0,"name":"Shaded","section":"Shading Mode"},"sceneLighting":false,"audioPlay":false,"sceneViewState":{"showFog":false,"showMaterialUpdate":false,"showSkybox":false,"showFlares":false,"showImageEffects":false,"showParticleSystems":false},"in2DMode":false,"pivot":{"x":1.1920928955078126e-7,"y":0.16370302438735963,"z":-5.601624965667725},"rotation":{"x":-0.3559194803237915,"y":0.001401775050908327,"z":-0.0005338790360838175,"w":-0.9345154762268066},"size":7.633911609649658,"orthographic":false}