{"cameraMode":{"drawMode":0,"name":"Shaded","section":"Shading Mode"},"sceneLighting":false,"audioPlay":false,"sceneViewState":{"showFog":false,"showMaterialUpdate":false,"showSkybox":false,"showFlares":false,"showImageEffects":false,"showParticleSystems":false},"in2DMode":false,"pivot":{"x":-7.3947906494140629,"y":2.5980000495910646,"z":93.0083236694336},"rotation":{"x":0.3290228247642517,"y":0.125555157661438,"z":-0.04418737813830376,"w":0.9348943829536438},"size":336.43853759765627,"orthographic":false}