{"cameraMode":{"drawMode":0,"name":"Shaded","section":"Shading Mode"},"sceneLighting":false,"audioPlay":false,"sceneViewState":{"showFog":false,"showMaterialUpdate":false,"showSkybox":false,"showFlares":false,"showImageEffects":false,"showParticleSystems":false},"in2DMode":false,"pivot":{"x":-5.072154521942139,"y":4.069999694824219,"z":2.996438503265381},"rotation":{"x":0.5332887172698975,"y":0.38978591561317446,"z":-0.30251485109329226,"w":0.6871352791786194},"size":17.215961456298829,"orthographic":false}